PubFragmentName,Area,Isolation,DistanceFromSource,Fragment
F1,21.15,600,3748.024,T26
F2,34.11,234.3074903,5453.124,T10
F3,41.04,84.85281374,3142.76,T11
F4,52.11,362.4913792,6557.559,T23
F5,84.33,150,8520.907,T13
F6,92.34,210,2569.115,T2
F7,99.99,349.8571137,6753.698,T21
F8,117.27,134.1640786,357.26,T19
F9,184.77,174.9285568,7525.56,T12
F10,228.78,480,405.114,T25
REGUA,62378.64,60,0,REGUA
REGUA2,62378.64,60,0,REGUA2
REGUA3,62378.64,60,0,REGUA3